[{"model": "contenttypes.contenttype", "pk": 1, "fields": {"app_label": "admin", "model": "logentry"}}, {"model": "contenttypes.contenttype", "pk": 2, "fields": {"app_label": "auth", "model": "permission"}}, {"model": "contenttypes.contenttype", "pk": 3, "fields": {"app_label": "auth", "model": "group"}}, {"model": "contenttypes.contenttype", "pk": 4, "fields": {"app_label": "auth", "model": "user"}}, {"model": "contenttypes.contenttype", "pk": 5, "fields": {"app_label": "contenttypes", "model": "contenttype"}}, {"model": "contenttypes.contenttype", "pk": 6, "fields": {"app_label": "sessions", "model": "session"}}, {"model": "contenttypes.contenttype", "pk": 7, "fields": {"app_label": "blog", "model": "blogtype"}}, {"model": "contenttypes.contenttype", "pk": 8, "fields": {"app_label": "blog", "model": "blog"}}, {"model": "contenttypes.contenttype", "pk": 9, "fields": {"app_label": "blog", "model": "readnum"}}, {"model": "contenttypes.contenttype", "pk": 10, "fields": {"app_label": "read_statistics", "model": "readnum"}}, {"model": "contenttypes.contenttype", "pk": 11, "fields": {"app_label": "read_statistics", "model": "readtatil"}}, {"model": "contenttypes.contenttype", "pk": 12, "fields": {"app_label": "comment", "model": "comment"}}, {"model": "contenttypes.contenttype", "pk": 13, "fields": {"app_label": "read_statistics", "model": "readdetail"}}, {"model": "contenttypes.contenttype", "pk": 14, "fields": {"app_label": "comment", "model": "reply"}}, {"model": "contenttypes.contenttype", "pk": 15, "fields": {"app_label": "likes", "model": "likerecord"}}, {"model": "contenttypes.contenttype", "pk": 16, "fields": {"app_label": "likes", "model": "likecount"}}, {"model": "contenttypes.contenttype", "pk": 17, "fields": {"app_label": "user", "model": "profile"}}, {"model": "sessions.session", "pk": "i97muv5efjo3ga52oitmsyg9enacew2l", "fields": {"session_data": "ZmM0NzkzYjRmMDEyNzE5OTRkYjY5Y2YzMWJiYjA0OGRhM2E5NjdhZjp7fQ==", "expire_date": "2019-04-16T07:40:17.308"}}, {"model": "sessions.session", "pk": "qy7y3mchgcsu6gz7gfs30a0esu99a3jd", "fields": {"session_data": "NzVkNDRlMDI0MWMxNjIxZmEzNjRiMDcxNzhmNjBjNzMzNTVjMjRlODp7InNlbmRfY29kZV90aW1lIjoxNTU1NjU0MjY2LCJfYXV0aF91c2VyX2lkIjoiMSIsIl9hdXRoX3VzZXJfYmFja2VuZCI6ImRqYW5nby5jb250cmliLmF1dGguYmFja2VuZHMuTW9kZWxCYWNrZW5kIiwiX2F1dGhfdXNlcl9oYXNoIjoiZjk0MDJhMzVhZTJjMzdjZTg2ZDU3YzgwM2I1MDBkNjY1ZGRiNmU0MSJ9", "expire_date": "2019-05-03T14:12:39.291"}}, {"model": "sessions.session", "pk": "znbb2uyr3qdcybyxdatvst516ayk2nxj", "fields": {"session_data": "ODE0YWQ2MWMxNGFhZDA0ZjhmODdiODg2NDg4NjJmNTI4MjVmYjZmOTp7Il9hdXRoX3VzZXJfaWQiOiIxIiwiX2F1dGhfdXNlcl9iYWNrZW5kIjoiZGphbmdvLmNvbnRyaWIuYXV0aC5iYWNrZW5kcy5Nb2RlbEJhY2tlbmQiLCJfYXV0aF91c2VyX2hhc2giOiI3MGEwYzVlNzkxM2EzYzk1MjM0ODg5M2NmYzE0MjYxNzAwYmFmNGU5In0=", "expire_date": "2019-04-20T13:53:15.584"}}, {"model": "blog.blogtype", "pk": 1, "fields": {"type_name": "\u968f\u60f3"}}, {"model": "blog.blogtype", "pk": 2, "fields": {"type_name": "python"}}, {"model": "blog.blogtype", "pk": 3, "fields": {"type_name": "\u65e5\u8bb0"}}, {"model": "read_statistics.readnum", "pk": 1, "fields": {"read_num": 12, "content_type": 8, "object_id": 5}}, {"model": "read_statistics.readnum", "pk": 2, "fields": {"read_num": 12, "content_type": 8, "object_id": 6}}, {"model": "read_statistics.readnum", "pk": 3, "fields": {"read_num": 3, "content_type": 8, "object_id": 2}}, {"model": "read_statistics.readnum", "pk": 4, "fields": {"read_num": 6, "content_type": 8, "object_id": 3}}, {"model": "read_statistics.readnum", "pk": 5, "fields": {"read_num": 2, "content_type": 8, "object_id": 1}}, {"model": "read_statistics.readnum", "pk": 6, "fields": {"read_num": 9, "content_type": 8, "object_id": 4}}, {"model": "read_statistics.readnum", "pk": 7, "fields": {"read_num": 14, "content_type": 8, "object_id": 7}}, {"model": "read_statistics.readnum", "pk": 8, "fields": {"read_num": 14, "content_type": 8, "object_id": 8}}, {"model": "read_statistics.readnum", "pk": 9, "fields": {"read_num": 2, "content_type": 8, "object_id": 9}}, {"model": "read_statistics.readdetail", "pk": 1, "fields": {"date": "2019-04-07", "read_num": 1, "content_type": 8, "object_id": 6}}, {"model": "read_statistics.readdetail", "pk": 2, "fields": {"date": "2019-04-07", "read_num": 1, "content_type": 8, "object_id": 5}}, {"model": "read_statistics.readdetail", "pk": 3, "fields": {"date": "2019-04-08", "read_num": 1, "content_type": 8, "object_id": 7}}, {"model": "read_statistics.readdetail", "pk": 4, "fields": {"date": "2019-04-08", "read_num": 1, "content_type": 8, "object_id": 8}}, {"model": "read_statistics.readdetail", "pk": 5, "fields": {"date": "2019-04-08", "read_num": 1, "content_type": 8, "object_id": 6}}, {"model": "read_statistics.readdetail", "pk": 6, "fields": {"date": "2019-04-09", "read_num": 2, "content_type": 8, "object_id": 8}}, {"model": "read_statistics.readdetail", "pk": 7, "fields": {"date": "2019-04-09", "read_num": 1, "content_type": 8, "object_id": 7}}, {"model": "read_statistics.readdetail", "pk": 8, "fields": {"date": "2019-04-09", "read_num": 1, "content_type": 8, "object_id": 1}}, {"model": "read_statistics.readdetail", "pk": 9, "fields": {"date": "2019-04-09", "read_num": 1, "content_type": 8, "object_id": 4}}, {"model": "read_statistics.readdetail", "pk": 10, "fields": {"date": "2019-04-09", "read_num": 1, "content_type": 8, "object_id": 6}}, {"model": "read_statistics.readdetail", "pk": 11, "fields": {"date": "2019-04-10", "read_num": 1, "content_type": 8, "object_id": 5}}, {"model": "read_statistics.readdetail", "pk": 12, "fields": {"date": "2019-04-10", "read_num": 1, "content_type": 8, "object_id": 4}}, {"model": "read_statistics.readdetail", "pk": 13, "fields": {"date": "2019-04-13", "read_num": 1, "content_type": 8, "object_id": 8}}, {"model": "read_statistics.readdetail", "pk": 14, "fields": {"date": "2019-04-13", "read_num": 1, "content_type": 8, "object_id": 7}}, {"model": "read_statistics.readdetail", "pk": 15, "fields": {"date": "2019-04-14", "read_num": 1, "content_type": 8, "object_id": 5}}, {"model": "read_statistics.readdetail", "pk": 16, "fields": {"date": "2019-04-14", "read_num": 1, "content_type": 8, "object_id": 6}}, {"model": "read_statistics.readdetail", "pk": 17, "fields": {"date": "2019-04-15", "read_num": 1, "content_type": 8, "object_id": 6}}, {"model": "read_statistics.readdetail", "pk": 18, "fields": {"date": "2019-04-15", "read_num": 1, "content_type": 8, "object_id": 8}}, {"model": "read_statistics.readdetail", "pk": 19, "fields": {"date": "2019-04-15", "read_num": 1, "content_type": 8, "object_id": 4}}, {"model": "read_statistics.readdetail", "pk": 20, "fields": {"date": "2019-04-15", "read_num": 1, "content_type": 8, "object_id": 7}}, {"model": "read_statistics.readdetail", "pk": 21, "fields": {"date": "2019-04-15", "read_num": 1, "content_type": 8, "object_id": 5}}, {"model": "read_statistics.readdetail", "pk": 22, "fields": {"date": "2019-04-16", "read_num": 1, "content_type": 8, "object_id": 8}}, {"model": "read_statistics.readdetail", "pk": 23, "fields": {"date": "2019-04-16", "read_num": 1, "content_type": 8, "object_id": 7}}, {"model": "read_statistics.readdetail", "pk": 24, "fields": {"date": "2019-04-16", "read_num": 1, "content_type": 8, "object_id": 5}}, {"model": "read_statistics.readdetail", "pk": 25, "fields": {"date": "2019-04-17", "read_num": 1, "content_type": 8, "object_id": 5}}, {"model": "read_statistics.readdetail", "pk": 26, "fields": {"date": "2019-04-18", "read_num": 1, "content_type": 8, "object_id": 8}}, {"model": "read_statistics.readdetail", "pk": 27, "fields": {"date": "2019-04-18", "read_num": 1, "content_type": 8, "object_id": 7}}, {"model": "read_statistics.readdetail", "pk": 28, "fields": {"date": "2019-04-18", "read_num": 1, "content_type": 8, "object_id": 9}}, {"model": "read_statistics.readdetail", "pk": 29, "fields": {"date": "2019-04-20", "read_num": 1, "content_type": 8, "object_id": 9}}, {"model": "read_statistics.readdetail", "pk": 30, "fields": {"date": "2019-04-20", "read_num": 1, "content_type": 8, "object_id": 4}}, {"model": "read_statistics.readdetail", "pk": 31, "fields": {"date": "2019-04-20", "read_num": 1, "content_type": 8, "object_id": 7}}, {"model": "likes.likecount", "pk": 1, "fields": {"content_type": 8, "object_id": 8, "liked_num": 2}}, {"model": "likes.likecount", "pk": 2, "fields": {"content_type": 8, "object_id": 7, "liked_num": 3}}, {"model": "likes.likecount", "pk": 3, "fields": {"content_type": 8, "object_id": 6, "liked_num": 0}}, {"model": "likes.likecount", "pk": 4, "fields": {"content_type": 8, "object_id": 5, "liked_num": 0}}, {"model": "likes.likecount", "pk": 5, "fields": {"content_type": 8, "object_id": 4, "liked_num": 1}}, {"model": "likes.likecount", "pk": 6, "fields": {"content_type": 12, "object_id": 62, "liked_num": 1}}, {"model": "likes.likecount", "pk": 7, "fields": {"content_type": 12, "object_id": 53, "liked_num": 0}}, {"model": "likes.likecount", "pk": 8, "fields": {"content_type": 12, "object_id": 54, "liked_num": 0}}, {"model": "likes.likecount", "pk": 9, "fields": {"content_type": 12, "object_id": 57, "liked_num": 0}}, {"model": "likes.likecount", "pk": 10, "fields": {"content_type": 12, "object_id": 51, "liked_num": 0}}, {"model": "likes.likecount", "pk": 11, "fields": {"content_type": 12, "object_id": 55, "liked_num": 0}}, {"model": "likes.likecount", "pk": 12, "fields": {"content_type": 12, "object_id": 56, "liked_num": 0}}, {"model": "likes.likecount", "pk": 13, "fields": {"content_type": 12, "object_id": 64, "liked_num": 1}}, {"model": "likes.likecount", "pk": 14, "fields": {"content_type": 12, "object_id": 71, "liked_num": 1}}, {"model": "likes.likecount", "pk": 15, "fields": {"content_type": 12, "object_id": 70, "liked_num": 0}}, {"model": "likes.likecount", "pk": 16, "fields": {"content_type": 12, "object_id": 61, "liked_num": 1}}, {"model": "likes.likecount", "pk": 17, "fields": {"content_type": 12, "object_id": 81, "liked_num": 1}}, {"model": "likes.likecount", "pk": 18, "fields": {"content_type": 12, "object_id": 80, "liked_num": 2}}, {"model": "likes.likecount", "pk": 19, "fields": {"content_type": 12, "object_id": 78, "liked_num": 0}}, {"model": "likes.likecount", "pk": 20, "fields": {"content_type": 12, "object_id": 79, "liked_num": 0}}, {"model": "likes.likecount", "pk": 21, "fields": {"content_type": 12, "object_id": 77, "liked_num": 0}}, {"model": "likes.likecount", "pk": 22, "fields": {"content_type": 12, "object_id": 75, "liked_num": 0}}, {"model": "likes.likecount", "pk": 23, "fields": {"content_type": 12, "object_id": 82, "liked_num": 2}}, {"model": "likes.likecount", "pk": 24, "fields": {"content_type": 12, "object_id": 83, "liked_num": 1}}, {"model": "likes.likecount", "pk": 25, "fields": {"content_type": 12, "object_id": 84, "liked_num": 0}}, {"model": "likes.likecount", "pk": 26, "fields": {"content_type": 12, "object_id": 73, "liked_num": 0}}, {"model": "likes.likecount", "pk": 27, "fields": {"content_type": 12, "object_id": 76, "liked_num": 0}}, {"model": "likes.likecount", "pk": 28, "fields": {"content_type": 12, "object_id": 72, "liked_num": 1}}, {"model": "likes.likecount", "pk": 29, "fields": {"content_type": 12, "object_id": 86, "liked_num": 0}}, {"model": "likes.likecount", "pk": 30, "fields": {"content_type": 12, "object_id": 85, "liked_num": 0}}, {"model": "likes.likecount", "pk": 31, "fields": {"content_type": 8, "object_id": 3, "liked_num": 0}}, {"model": "likes.likecount", "pk": 32, "fields": {"content_type": 8, "object_id": 1, "liked_num": 0}}, {"model": "likes.likecount", "pk": 33, "fields": {"content_type": 8, "object_id": 2, "liked_num": 0}}, {"model": "likes.likecount", "pk": 34, "fields": {"content_type": 12, "object_id": 69, "liked_num": 1}}, {"model": "likes.likecount", "pk": 35, "fields": {"content_type": 12, "object_id": 68, "liked_num": 0}}, {"model": "likes.likecount", "pk": 36, "fields": {"content_type": 12, "object_id": 67, "liked_num": 0}}, {"model": "likes.likecount", "pk": 37, "fields": {"content_type": 12, "object_id": 66, "liked_num": 0}}, {"model": "likes.likecount", "pk": 38, "fields": {"content_type": 12, "object_id": 65, "liked_num": 0}}, {"model": "likes.likecount", "pk": 39, "fields": {"content_type": 12, "object_id": 87, "liked_num": 1}}, {"model": "likes.likecount", "pk": 40, "fields": {"content_type": 8, "object_id": 9, "liked_num": 0}}, {"model": "likes.likecount", "pk": 41, "fields": {"content_type": 12, "object_id": 96, "liked_num": 0}}, {"model": "auth.permission", "pk": 1, "fields": {"name": "Can add log entry", "content_type": 1, "codename": "add_logentry"}}, {"model": "auth.permission", "pk": 2, "fields": {"name": "Can change log entry", "content_type": 1, "codename": "change_logentry"}}, {"model": "auth.permission", "pk": 3, "fields": {"name": "Can delete log entry", "content_type": 1, "codename": "delete_logentry"}}, {"model": "auth.permission", "pk": 4, "fields": {"name": "Can add permission", "content_type": 2, "codename": "add_permission"}}, {"model": "auth.permission", "pk": 5, "fields": {"name": "Can change permission", "content_type": 2, "codename": "change_permission"}}, {"model": "auth.permission", "pk": 6, "fields": {"name": "Can delete permission", "content_type": 2, "codename": "delete_permission"}}, {"model": "auth.permission", "pk": 7, "fields": {"name": "Can add group", "content_type": 3, "codename": "add_group"}}, {"model": "auth.permission", "pk": 8, "fields": {"name": "Can change group", "content_type": 3, "codename": "change_group"}}, {"model": "auth.permission", "pk": 9, "fields": {"name": "Can delete group", "content_type": 3, "codename": "delete_group"}}, {"model": "auth.permission", "pk": 10, "fields": {"name": "Can add user", "content_type": 4, "codename": "add_user"}}, {"model": "auth.permission", "pk": 11, "fields": {"name": "Can change user", "content_type": 4, "codename": "change_user"}}, {"model": "auth.permission", "pk": 12, "fields": {"name": "Can delete user", "content_type": 4, "codename": "delete_user"}}, {"model": "auth.permission", "pk": 13, "fields": {"name": "Can add content type", "content_type": 5, "codename": "add_contenttype"}}, {"model": "auth.permission", "pk": 14, "fields": {"name": "Can change content type", "content_type": 5, "codename": "change_contenttype"}}, {"model": "auth.permission", "pk": 15, "fields": {"name": "Can delete content type", "content_type": 5, "codename": "delete_contenttype"}}, {"model": "auth.permission", "pk": 16, "fields": {"name": "Can add session", "content_type": 6, "codename": "add_session"}}, {"model": "auth.permission", "pk": 17, "fields": {"name": "Can change session", "content_type": 6, "codename": "change_session"}}, {"model": "auth.permission", "pk": 18, "fields": {"name": "Can delete session", "content_type": 6, "codename": "delete_session"}}, {"model": "auth.permission", "pk": 19, "fields": {"name": "Can add blogtype", "content_type": 7, "codename": "add_blogtype"}}, {"model": "auth.permission", "pk": 20, "fields": {"name": "Can change blogtype", "content_type": 7, "codename": "change_blogtype"}}, {"model": "auth.permission", "pk": 21, "fields": {"name": "Can delete blogtype", "content_type": 7, "codename": "delete_blogtype"}}, {"model": "auth.permission", "pk": 22, "fields": {"name": "Can add blog", "content_type": 8, "codename": "add_blog"}}, {"model": "auth.permission", "pk": 23, "fields": {"name": "Can change blog", "content_type": 8, "codename": "change_blog"}}, {"model": "auth.permission", "pk": 24, "fields": {"name": "Can delete blog", "content_type": 8, "codename": "delete_blog"}}, {"model": "auth.permission", "pk": 25, "fields": {"name": "Can add read num", "content_type": 9, "codename": "add_readnum"}}, {"model": "auth.permission", "pk": 26, "fields": {"name": "Can change read num", "content_type": 9, "codename": "change_readnum"}}, {"model": "auth.permission", "pk": 27, "fields": {"name": "Can delete read num", "content_type": 9, "codename": "delete_readnum"}}, {"model": "auth.permission", "pk": 28, "fields": {"name": "Can add read num", "content_type": 10, "codename": "add_readnum"}}, {"model": "auth.permission", "pk": 29, "fields": {"name": "Can change read num", "content_type": 10, "codename": "change_readnum"}}, {"model": "auth.permission", "pk": 30, "fields": {"name": "Can delete read num", "content_type": 10, "codename": "delete_readnum"}}, {"model": "auth.permission", "pk": 31, "fields": {"name": "Can add readtatil", "content_type": 11, "codename": "add_readtatil"}}, {"model": "auth.permission", "pk": 32, "fields": {"name": "Can change readtatil", "content_type": 11, "codename": "change_readtatil"}}, {"model": "auth.permission", "pk": 33, "fields": {"name": "Can delete readtatil", "content_type": 11, "codename": "delete_readtatil"}}, {"model": "auth.permission", "pk": 34, "fields": {"name": "Can add comment", "content_type": 12, "codename": "add_comment"}}, {"model": "auth.permission", "pk": 35, "fields": {"name": "Can change comment", "content_type": 12, "codename": "change_comment"}}, {"model": "auth.permission", "pk": 36, "fields": {"name": "Can delete comment", "content_type": 12, "codename": "delete_comment"}}, {"model": "auth.permission", "pk": 37, "fields": {"name": "Can add read detail", "content_type": 13, "codename": "add_readdetail"}}, {"model": "auth.permission", "pk": 38, "fields": {"name": "Can change read detail", "content_type": 13, "codename": "change_readdetail"}}, {"model": "auth.permission", "pk": 39, "fields": {"name": "Can delete read detail", "content_type": 13, "codename": "delete_readdetail"}}, {"model": "auth.permission", "pk": 40, "fields": {"name": "Can add reply", "content_type": 14, "codename": "add_reply"}}, {"model": "auth.permission", "pk": 41, "fields": {"name": "Can change reply", "content_type": 14, "codename": "change_reply"}}, {"model": "auth.permission", "pk": 42, "fields": {"name": "Can delete reply", "content_type": 14, "codename": "delete_reply"}}, {"model": "auth.permission", "pk": 43, "fields": {"name": "Can add like record", "content_type": 15, "codename": "add_likerecord"}}, {"model": "auth.permission", "pk": 44, "fields": {"name": "Can change like record", "content_type": 15, "codename": "change_likerecord"}}, {"model": "auth.permission", "pk": 45, "fields": {"name": "Can delete like record", "content_type": 15, "codename": "delete_likerecord"}}, {"model": "auth.permission", "pk": 46, "fields": {"name": "Can add like count", "content_type": 16, "codename": "add_likecount"}}, {"model": "auth.permission", "pk": 47, "fields": {"name": "Can change like count", "content_type": 16, "codename": "change_likecount"}}, {"model": "auth.permission", "pk": 48, "fields": {"name": "Can delete like count", "content_type": 16, "codename": "delete_likecount"}}, {"model": "auth.permission", "pk": 49, "fields": {"name": "Can add profile", "content_type": 17, "codename": "add_profile"}}, {"model": "auth.permission", "pk": 50, "fields": {"name": "Can change profile", "content_type": 17, "codename": "change_profile"}}, {"model": "auth.permission", "pk": 51, "fields": {"name": "Can delete profile", "content_type": 17, "codename": "delete_profile"}}, {"model": "auth.user", "pk": 1, "fields": {"password": "pbkdf2_sha256$100000$1IYNfSI1LzU3$vA7CZukhWPzj7VATwAsRVOy/E+a4OgUf7x3VrkbOsYE=", "last_login": "2019-04-19T14:12:39.276", "is_superuser": true, "username": "lixin", "first_name": "", "last_name": "", "email": "1091230935@qq.com", "is_staff": true, "is_active": true, "date_joined": "2019-03-28T06:59:16", "groups": [], "user_permissions": []}}, {"model": "auth.user", "pk": 2, "fields": {"password": "pbkdf2_sha256$100000$sMxYkWTF3kNl$NXQ3MPGniDYqoa60+ADVqOtAYak1ANqhb4xpPK3SXAg=", "last_login": "2019-04-19T13:38:55", "is_superuser": true, "username": "lixin1", "first_name": "", "last_name": "", "email": "178894808@qq.com", "is_staff": true, "is_active": true, "date_joined": "2019-04-05T05:37:04", "groups": [], "user_permissions": []}}, {"model": "blog.blog", "pk": 1, "fields": {"title": "\u7b2c\u4e00\u7bc7blog", "blog_type": 1, "author": 1, "content": "\u65e9\u4e0a\u8d77\u5e8a\u65f6\uff0c\u542c\u89c1\u7a97\u5916\u201c\u547c\u547c\u201d\u58f0\uff0c\u62c9\u5f00\u7a97\u5e18\u4e00\u770b\uff0c\u5916\u9762\u5df2\u662f\u96ea\u7684\u5929\u5802\uff0c\u771f\u662f\u201c\u5ffd\u5982\u4e00\u591c\u6625\u98ce\u6765\uff0c\u5343\u6811\u4e07\u6811\u68a8\u82b1\u5f00\u3002\u201d\u5927\u5730\u88ab\u767d\u96ea\u8986\u76d6\uff0c\u767d\u832b\u832b\u7684\u4e00\u7247\uff0c\u6ee1\u5929\u7684\u767d\u96ea\u6f2b\u5929\u98de\u821e\uff0c\u591a\u4e48\u7eaf\u6d01\u5440\uff01\u770b\u4e86\u6b64\u756a\u60c5\u666f\uff0c\u6709\u4e86\u60f3\u51fa\u53bb\u73a9\u800d\u7684\u51b2\u52a8\uff01", "create_time": "2019-03-28T07:04:19.729", "last_updated_time": "2019-03-28T07:04:19.729"}}, {"model": "blog.blog", "pk": 2, "fields": {"title": "\u7b2c\u4e8c\u7bc7blog", "blog_type": 2, "author": 1, "content": "\u521a\u51fa\u95e8\u4fbf\u201c\u6251\u901a\u201d\u4e00\u4e0b\u6454\u4e86\u4e00\u4e2a\u5927\u8ddf\u5934\uff0c\u6454\u5f97\u6211\u6d51\u8eab\u75bc\uff0c\u5600\u5495\u7740\uff1a\u201c\u75bc\u6b7b\u6211\u4e86\uff0c\u6211\u3001\u6211\u8981\u628a\u96ea\u626b\u6389\u3002\u201d\u5ffd\u7136\uff0c\u6211\u770b\u89c1\u90bb\u5c45\u5bb6\u7684\u7237\u7237\u4e5f\u6454\u4e86\uff0c\u4fbf\u53bb\u6276\u4ed6\u3002\u4e8e\u662f\u6211\u626b\u96ea\u7684\u51b3\u5fc3\u66f4\u5927\u4e86\u3002", "create_time": "2019-03-28T07:04:42.871", "last_updated_time": "2019-03-28T14:37:06.453"}}, {"model": "blog.blog", "pk": 3, "fields": {"title": "\u7b2c3\u7bc7blog", "blog_type": 1, "author": 1, "content": "\u6211\u8dd1\u56de\u5bb6\u62ff\u4e86\u94c1\u94f2\u3001\u626b\u628a\uff0c\u5e26\u4e0a\u5e3d\u5b50\u3001\u56f4\u5dfe\u3001\u624b\u5957\u2026\u2026\u5168\u526f\u6b66\u88c5\uff0c\u771f\u662f\u201c\u4e07\u4e8b\u4ff1\u5907\uff0c\u53ea\u6b20\u4e1c\u98ce\u201d\u5440\uff01\u6211\u5148\u628a\u8def\u9762\u4e0a\u7684\u96ea\u626b\u6389\uff0c\u624d\u626b\u6389\u4e00\u534a\u4fbf\u7d2f\u7684\u5750\u4e86\u4e0b\u6765\uff0c\u8bf4\uff1a\u201c\u2018\u8bf4\u7684\u5bb9\u6613\u505a\u7684\u96be\u2019\u201d", "create_time": "2019-03-28T07:05:05.541", "last_updated_time": "2019-03-28T07:05:05.541"}}, {"model": "blog.blog", "pk": 4, "fields": {"title": "\u56db\u7bc7", "blog_type": 1, "author": 1, "content": "\u6709\u4e00\u6761\u6c5f\uff0c\u56e0\u5176\u62d0\u4e86\u4e24\u5f2f\uff0c\u4e00\u6298\u4e8c\u6298\u4e4b\u4e0b\uff0c\u4fbf\u53eb\u4e86\u4e4b\u6c5f\uff1b\u53e3\u8033\u76f8\u4f20\u4e4b\u540e\uff0c\u4fbf\u6709\u4e86\u6d59\u6c5f\u3002\r\n\u3000\u3000\u71d5\u8d75\u3001\u9f50\u9c81\u3001\u5df4\u8700\u3001\u6c5f\u4e1c\u3001\u9647\u897f\u3001\u5cad\u5357\u3001\u6f20\u5317\u2026\u2026\u6216\u5c71\u6216\u6c34\uff0c\u6216\u6c5f\u6216\u6e56\uff0c\u6210\u5c31\u4e86\u4e2d\u534e\u7248\u56fe\u3002", "create_time": "2019-03-28T07:06:24.542", "last_updated_time": "2019-03-28T07:06:24.542"}}, {"model": "blog.blog", "pk": 5, "fields": {"title": "\u4e94\u7bc7blog", "blog_type": 3, "author": 1, "content": "97\u5e74\u524d\u7684\u8fd9\u91cc\uff0c\u6d69\u6e3a\u7684\u70df\u6ce2\u5357\u6e56\u4e4b\u4e0a\uff0c\u4e00\u7fa4\u4e66\u751f\u56f4\u5750\u5728\u8239\u4e2d\uff0c\u672a\u6c89\u8ff7\u4e8e\u773c\u524d\u5982\u8bd7\u5982\u753b\u7684\u98ce\u666f\uff0c\u5374\u915d\u917f\u7740\u4e00\u573a\u6539\u5929\u6362\u5730\u7684\u98ce\u96f7", "create_time": "2019-03-28T07:06:42.930", "last_updated_time": "2019-03-28T14:36:59.227"}}, {"model": "blog.blog", "pk": 6, "fields": {"title": "123", "blog_type": 1, "author": 1, "content": "<p>123<img alt=\"\" src=\"/media/upload/2019/03/28/qq.png\" /></p>", "create_time": "2019-03-28T09:20:51.596", "last_updated_time": "2019-03-28T14:36:51.516"}}, {"model": "blog.blog", "pk": 7, "fields": {"title": "3\u670831\u53f7\u535a\u5ba2", "blog_type": 3, "author": 1, "content": "<p>\u4f60\u597d\u5417++++++++&nbsp;</p>", "create_time": "2019-03-31T07:02:32.067", "last_updated_time": "2019-03-31T07:02:32.067"}}, {"model": "blog.blog", "pk": 8, "fields": {"title": "4\u67081\u53f7\u7684\u535a\u5ba2", "blog_type": 1, "author": 1, "content": "<p>PEP 8: module level import not at top of file&nbsp;<br />\r\n\u89e3\u51b3\uff1aimport\u4e0d\u5728\u6587\u4ef6\u7684\u6700\u4e0a\u9762\uff0c\u53ef\u80fd\u5f15\u7528\u4e4b\u524d\u8fd8\u6709\u4ee3\u7801\uff0c\u628aimport\u5f15\u7528\u653e\u5230\u6587\u4ef6\u7684\u6700\u4e0a\u90e8\u5c31\u53ef\u4ee5\u6d88\u9664\u8b66\u544a\u4e86\u3002<br />\r\nPEP 8: expected 2 blank lines\uff0cfound 0&nbsp;<br />\r\n\u89e3\u51b3\uff1a\u671f\u671b\u4e0a\u9762\u67092\u4e2a\u7a7a\u767d\u884c\uff0c\u53d1\u73b00\u4e2a\uff0c\u6dfb\u52a0\u4e24\u4e2a\u7a7a\u767d\u884c\u5c31\u53ef\u4ee5\u4e86\u3002<br />\r\nfunction name should be lowercase&nbsp;<br />\r\n\u89e3\u51b3\uff1a\u51fd\u6570\u540d\u6539\u6210\u5c0f\u5199\u3002<br />\r\nPEP 8: indentation contains tabs&nbsp;<br />\r\n\u89e3\u51b3\uff1a\u7f29\u8fdb\u4e2d\u6709tab\u7a7a\u683c\uff0c\u63a8\u8350\u7528\u56db\u4e2a\u7a7a\u683c\u7f29\u8fdb<br />\r\n---------------------&nbsp;<br />\r\n\u4f5c\u8005\uff1aLPF_FORFREE&nbsp;<br />\r\n\u6765\u6e90\uff1aCSDN&nbsp;<br />\r\n\u539f\u6587\uff1ahttps://blog.csdn.net/Jason_Lewis/article/details/75386598&nbsp;<br />\r\n\u7248\u6743\u58f0\u660e\uff1a\u672c\u6587\u4e3a\u535a\u4e3b\u539f\u521b\u6587\u7ae0\uff0c\u8f6c\u8f7d\u8bf7\u9644\u4e0a\u535a\u6587\u94fe\u63a5\uff01</p>", "create_time": "2019-04-01T12:30:22.850", "last_updated_time": "2019-04-01T12:30:22.850"}}, {"model": "blog.blog", "pk": 9, "fields": {"title": "\u6211\u662flx1", "blog_type": 1, "author": 2, "content": "<p>good good study, day day up</p>", "create_time": "2019-04-18T15:55:21.168", "last_updated_time": "2019-04-18T15:55:21.169"}}, {"model": "comment.comment", "pk": 1, "fields": {"content_type": 8, "object_id": 8, "comment_context": "123", "comment_time": "2019-04-03T07:45:01.974", "comment_user": 1, "root": null, "parent": null, "reply_to": null}}, {"model": "comment.comment", "pk": 2, "fields": {"content_type": 8, "object_id": 8, "comment_context": "\u4f60\u5199\u7684\u5f88\u597d\u554a", "comment_time": "2019-04-03T07:45:19.494", "comment_user": 1, "root": null, "parent": null, "reply_to": null}}, {"model": "comment.comment", "pk": 48, "fields": {"content_type": 8, "object_id": 8, "comment_context": "<p>\u7b2c10\u6761\u8bc4\u8bba</p>", "comment_time": "2019-04-09T13:02:58.788", "comment_user": 1, "root": null, "parent": null, "reply_to": null}}, {"model": "comment.comment", "pk": 49, "fields": {"content_type": 8, "object_id": 8, "comment_context": "<p>\u7b2c11\u6761\u8bc4\u8bba</p>", "comment_time": "2019-04-09T13:03:12.489", "comment_user": 1, "root": null, "parent": 48, "reply_to": 1}}, {"model": "comment.comment", "pk": 50, "fields": {"content_type": 8, "object_id": 8, "comment_context": "<p>\u7b2c11\u6761\u8bc4\u8bba</p>", "comment_time": "2019-04-09T13:07:53.942", "comment_user": 1, "root": null, "parent": 48, "reply_to": 1}}, {"model": "comment.comment", "pk": 51, "fields": {"content_type": 8, "object_id": 2, "comment_context": "\u4f60\u4e5f\u5199\u7684\u5f88\u597d\u554a", "comment_time": "2019-04-09T14:11:06.646", "comment_user": 1, "root": 2, "parent": 2, "reply_to": 1}}, {"model": "comment.comment", "pk": 52, "fields": {"content_type": 8, "object_id": 8, "comment_context": "<p>\u7b2c11\u6761\u8bc4\u8bba</p>", "comment_time": "2019-04-09T14:16:06.711", "comment_user": 1, "root": null, "parent": 48, "reply_to": 1}}, {"model": "comment.comment", "pk": 53, "fields": {"content_type": 8, "object_id": 8, "comment_context": "<p>\u7b2c11\u6761</p>", "comment_time": "2019-04-09T14:27:56.586", "comment_user": 1, "root": 48, "parent": 48, "reply_to": 1}}, {"model": "comment.comment", "pk": 54, "fields": {"content_type": 8, "object_id": 8, "comment_context": "<p>\u7b2c12\u6761\u8bc4\u8bba</p>", "comment_time": "2019-04-09T14:50:02.407", "comment_user": 1, "root": 48, "parent": 48, "reply_to": 1}}, {"model": "comment.comment", "pk": 55, "fields": {"content_type": 8, "object_id": 8, "comment_context": "<p>\u8c22\u8c22</p>", "comment_time": "2019-04-09T14:54:21.634", "comment_user": 1, "root": 2, "parent": 2, "reply_to": 1}}, {"model": "comment.comment", "pk": 56, "fields": {"content_type": 8, "object_id": 8, "comment_context": "<p>321</p>", "comment_time": "2019-04-09T14:58:57.590", "comment_user": 1, "root": 1, "parent": 1, "reply_to": 1}}, {"model": "comment.comment", "pk": 57, "fields": {"content_type": 8, "object_id": 8, "comment_context": "<p>\u7b2c13\u6761\u8bc4\u8bba</p>", "comment_time": "2019-04-09T15:06:50.683", "comment_user": 1, "root": 48, "parent": 48, "reply_to": 1}}, {"model": "comment.comment", "pk": 61, "fields": {"content_type": 8, "object_id": 8, "comment_context": "<p>\u6211\u6765\u4e86</p>", "comment_time": "2019-04-09T17:04:14.669", "comment_user": 1, "root": null, "parent": null, "reply_to": null}}, {"model": "comment.comment", "pk": 62, "fields": {"content_type": 8, "object_id": 8, "comment_context": "<p>\u597d\u7684</p>", "comment_time": "2019-04-09T17:05:06.434", "comment_user": 1, "root": 61, "parent": 61, "reply_to": 1}}, {"model": "comment.comment", "pk": 63, "fields": {"content_type": 8, "object_id": 8, "comment_context": "<p>\u4eca\u5929\u5929\u6c14\u4e0d\u9519</p>", "comment_time": "2019-04-09T17:05:20.363", "comment_user": 1, "root": null, "parent": null, "reply_to": null}}, {"model": "comment.comment", "pk": 64, "fields": {"content_type": 8, "object_id": 8, "comment_context": "<p>\u662f\u7684</p>", "comment_time": "2019-04-09T17:11:21.664", "comment_user": 1, "root": null, "parent": null, "reply_to": null}}, {"model": "comment.comment", "pk": 65, "fields": {"content_type": 8, "object_id": 7, "comment_context": "<p>\u4eca\u5929\u6709\u4e8b\u5143\u6c14\u6ee1\u6ee1\u7684\u4e00\u5929</p>", "comment_time": "2019-04-09T17:21:38.797", "comment_user": 1, "root": null, "parent": null, "reply_to": null}}, {"model": "comment.comment", "pk": 66, "fields": {"content_type": 8, "object_id": 7, "comment_context": "<p>\u4f60\u597d\u5440</p>", "comment_time": "2019-04-09T17:28:57.358", "comment_user": 1, "root": null, "parent": null, "reply_to": null}}, {"model": "comment.comment", "pk": 67, "fields": {"content_type": 8, "object_id": 7, "comment_context": "<p>\u5f00\u5f00\u5fc3\u5fc3</p>", "comment_time": "2019-04-09T17:48:13.134", "comment_user": 1, "root": null, "parent": null, "reply_to": null}}, {"model": "comment.comment", "pk": 68, "fields": {"content_type": 8, "object_id": 7, "comment_context": "<p>1111</p>", "comment_time": "2019-04-09T17:51:12.379", "comment_user": 1, "root": null, "parent": null, "reply_to": null}}, {"model": "comment.comment", "pk": 69, "fields": {"content_type": 8, "object_id": 7, "comment_context": "<p>2222</p>", "comment_time": "2019-04-09T17:53:32.273", "comment_user": 1, "root": null, "parent": null, "reply_to": null}}, {"model": "comment.comment", "pk": 70, "fields": {"content_type": 8, "object_id": 7, "comment_context": "<p>777</p>", "comment_time": "2019-04-09T17:54:11.825", "comment_user": 1, "root": null, "parent": null, "reply_to": null}}, {"model": "comment.comment", "pk": 71, "fields": {"content_type": 8, "object_id": 7, "comment_context": "<p>8888</p>", "comment_time": "2019-04-09T17:54:21.778", "comment_user": 1, "root": 70, "parent": 70, "reply_to": 1}}, {"model": "comment.comment", "pk": 72, "fields": {"content_type": 8, "object_id": 4, "comment_context": "<p>\u4f60\u597d</p>", "comment_time": "2019-04-09T20:16:05.161", "comment_user": 1, "root": null, "parent": null, "reply_to": null}}, {"model": "comment.comment", "pk": 73, "fields": {"content_type": 8, "object_id": 4, "comment_context": "<p>\u4f60\u597d</p>", "comment_time": "2019-04-09T20:16:11.852", "comment_user": 1, "root": 72, "parent": 72, "reply_to": 1}}, {"model": "comment.comment", "pk": 74, "fields": {"content_type": 8, "object_id": 6, "comment_context": "<p>\u597d\u597d\u770b</p>", "comment_time": "2019-04-09T21:45:27.273", "comment_user": 1, "root": null, "parent": null, "reply_to": null}}, {"model": "comment.comment", "pk": 75, "fields": {"content_type": 8, "object_id": 6, "comment_context": "<p>\u8c22\u8c22</p>", "comment_time": "2019-04-09T21:45:32.612", "comment_user": 1, "root": 74, "parent": 74, "reply_to": 1}}, {"model": "comment.comment", "pk": 76, "fields": {"content_type": 8, "object_id": 4, "comment_context": "<p>\u4f60\u4e5f\u597d\u5440</p>", "comment_time": "2019-04-10T11:15:04.537", "comment_user": 1, "root": 72, "parent": 72, "reply_to": 1}}, {"model": "comment.comment", "pk": 77, "fields": {"content_type": 8, "object_id": 5, "comment_context": "<p>\u4f60\u597d</p>", "comment_time": "2019-04-10T11:17:07.481", "comment_user": 1, "root": null, "parent": null, "reply_to": null}}, {"model": "comment.comment", "pk": 78, "fields": {"content_type": 8, "object_id": 5, "comment_context": "<p>\u4f60\u4e5f\u597d</p>", "comment_time": "2019-04-10T11:17:29.600", "comment_user": 1, "root": 77, "parent": 77, "reply_to": 1}}, {"model": "comment.comment", "pk": 79, "fields": {"content_type": 8, "object_id": 5, "comment_context": "<p>\u5927\u5bb6\u90fd\u597d</p>", "comment_time": "2019-04-10T11:19:57.197", "comment_user": 1, "root": 77, "parent": 78, "reply_to": 1}}, {"model": "comment.comment", "pk": 80, "fields": {"content_type": 8, "object_id": 8, "comment_context": "<p>2019/4/13</p>", "comment_time": "2019-04-13T13:54:28.666", "comment_user": 1, "root": null, "parent": null, "reply_to": null}}, {"model": "comment.comment", "pk": 81, "fields": {"content_type": 8, "object_id": 8, "comment_context": "<p>\u6211\u4e5f\u89c9\u5f97</p>", "comment_time": "2019-04-13T13:55:22.744", "comment_user": 1, "root": 64, "parent": 64, "reply_to": 1}}, {"model": "comment.comment", "pk": 82, "fields": {"content_type": 8, "object_id": 8, "comment_context": "<p>2019/4/15</p>", "comment_time": "2019-04-15T12:09:06.569", "comment_user": 1, "root": 80, "parent": 80, "reply_to": 1}}, {"model": "comment.comment", "pk": 83, "fields": {"content_type": 8, "object_id": 8, "comment_context": "<p>20189/4/16</p>", "comment_time": "2019-04-15T12:09:40.131", "comment_user": 1, "root": 80, "parent": 80, "reply_to": 1}}, {"model": "comment.comment", "pk": 84, "fields": {"content_type": 8, "object_id": 8, "comment_context": "<p>201/45654</p>", "comment_time": "2019-04-15T12:10:34.444", "comment_user": 1, "root": 80, "parent": 80, "reply_to": 1}}, {"model": "comment.comment", "pk": 85, "fields": {"content_type": 8, "object_id": 8, "comment_context": "<p>\u4f60\u8fd8\u597d\u5427</p>", "comment_time": "2019-04-15T12:11:37.301", "comment_user": 1, "root": 64, "parent": 64, "reply_to": 1}}, {"model": "comment.comment", "pk": 86, "fields": {"content_type": 8, "object_id": 4, "comment_context": "<p>\u4f60\u597d2</p>", "comment_time": "2019-04-15T12:13:08.463", "comment_user": 1, "root": 72, "parent": 72, "reply_to": 1}}, {"model": "comment.comment", "pk": 87, "fields": {"content_type": 8, "object_id": 8, "comment_context": "<p>2019/4/16</p>", "comment_time": "2019-04-16T17:41:43.379", "comment_user": 1, "root": null, "parent": null, "reply_to": null}}, {"model": "comment.comment", "pk": 88, "fields": {"content_type": 8, "object_id": 5, "comment_context": "<p>2019/4/17</p>", "comment_time": "2019-04-17T11:15:10.094", "comment_user": 2, "root": null, "parent": null, "reply_to": null}}, {"model": "comment.comment", "pk": 89, "fields": {"content_type": 8, "object_id": 5, "comment_context": "<p>nice</p>", "comment_time": "2019-04-17T11:15:18.800", "comment_user": 2, "root": 77, "parent": 77, "reply_to": 1}}, {"model": "comment.comment", "pk": 90, "fields": {"content_type": 8, "object_id": 9, "comment_context": "<p><s>109123935</s></p>", "comment_time": "2019-04-20T14:08:33.486", "comment_user": 1, "root": null, "parent": null, "reply_to": null}}, {"model": "comment.comment", "pk": 91, "fields": {"content_type": 8, "object_id": 9, "comment_context": "<p>789456</p>", "comment_time": "2019-04-20T14:12:58.499", "comment_user": 1, "root": null, "parent": null, "reply_to": null}}, {"model": "comment.comment", "pk": 92, "fields": {"content_type": 8, "object_id": 9, "comment_context": "<p>741852+</p>\r\n\r\n<p>&nbsp;</p>", "comment_time": "2019-04-20T14:13:47.676", "comment_user": 1, "root": null, "parent": null, "reply_to": null}}, {"model": "comment.comment", "pk": 93, "fields": {"content_type": 8, "object_id": 9, "comment_context": "<p>752385741</p>", "comment_time": "2019-04-20T14:14:22.016", "comment_user": 1, "root": null, "parent": null, "reply_to": null}}, {"model": "comment.comment", "pk": 94, "fields": {"content_type": 8, "object_id": 9, "comment_context": "<p>555555</p>", "comment_time": "2019-04-20T14:15:51.786", "comment_user": 1, "root": null, "parent": null, "reply_to": null}}, {"model": "comment.comment", "pk": 95, "fields": {"content_type": 8, "object_id": 9, "comment_context": "<p>6666666</p>", "comment_time": "2019-04-20T14:50:49.063", "comment_user": 1, "root": null, "parent": null, "reply_to": null}}, {"model": "comment.comment", "pk": 96, "fields": {"content_type": 8, "object_id": 9, "comment_context": "<p>7777777</p>", "comment_time": "2019-04-20T14:51:18.346", "comment_user": 1, "root": 95, "parent": 95, "reply_to": 1}}, {"model": "comment.comment", "pk": 97, "fields": {"content_type": 8, "object_id": 9, "comment_context": "<p>html\u6a21\u677f\u90ae\u4ef6\u6d4b\u8bd5</p>", "comment_time": "2019-04-20T15:55:15.228", "comment_user": 1, "root": null, "parent": null, "reply_to": null}}, {"model": "comment.comment", "pk": 98, "fields": {"content_type": 8, "object_id": 9, "comment_context": "<p>html\u6a21\u677f\u90ae\u4ef6\u6d4b\u8bd5</p>", "comment_time": "2019-04-20T15:57:08.121", "comment_user": 1, "root": null, "parent": null, "reply_to": null}}, {"model": "comment.comment", "pk": 99, "fields": {"content_type": 8, "object_id": 9, "comment_context": "<p>html\u6a21\u677f\u90ae\u4ef6\u6d4b\u8bd51</p>", "comment_time": "2019-04-20T15:58:53.918", "comment_user": 1, "root": null, "parent": null, "reply_to": null}}, {"model": "likes.likerecord", "pk": 5, "fields": {"user": 1, "liked_time": "2019-04-13T13:48:57.582", "content_type": 12, "object_id": 71}}, {"model": "likes.likerecord", "pk": 6, "fields": {"user": 1, "liked_time": "2019-04-13T13:49:02.162", "content_type": 8, "object_id": 7}}, {"model": "likes.likerecord", "pk": 16, "fields": {"user": 1, "liked_time": "2019-04-14T15:23:32.081", "content_type": 12, "object_id": 81}}, {"model": "likes.likerecord", "pk": 18, "fields": {"user": 1, "liked_time": "2019-04-14T15:24:36.376", "content_type": 12, "object_id": 61}}, {"model": "likes.likerecord", "pk": 19, "fields": {"user": 1, "liked_time": "2019-04-14T15:24:38.317", "content_type": 12, "object_id": 62}}, {"model": "likes.likerecord", "pk": 20, "fields": {"user": 1, "liked_time": "2019-04-14T15:24:43.473", "content_type": 12, "object_id": 64}}, {"model": "likes.likerecord", "pk": 28, "fields": {"user": 1, "liked_time": "2019-04-15T12:13:00.999", "content_type": 12, "object_id": 72}}, {"model": "likes.likerecord", "pk": 32, "fields": {"user": 2, "liked_time": "2019-04-16T15:00:26.167", "content_type": 12, "object_id": 80}}, {"model": "likes.likerecord", "pk": 33, "fields": {"user": 2, "liked_time": "2019-04-16T15:00:27.569", "content_type": 12, "object_id": 82}}, {"model": "likes.likerecord", "pk": 35, "fields": {"user": 2, "liked_time": "2019-04-16T15:00:45.023", "content_type": 12, "object_id": 69}}, {"model": "likes.likerecord", "pk": 44, "fields": {"user": 2, "liked_time": "2019-04-16T15:01:00.890", "content_type": 8, "object_id": 7}}, {"model": "likes.likerecord", "pk": 50, "fields": {"user": 1, "liked_time": "2019-04-18T11:28:58.571", "content_type": 8, "object_id": 8}}, {"model": "likes.likerecord", "pk": 60, "fields": {"user": 1, "liked_time": "2019-04-20T15:42:34.434", "content_type": 8, "object_id": 4}}, {"model": "user.profile", "pk": 1, "fields": {"user": 1, "nickname": "\u674e\u946b"}}, {"model": "user.profile", "pk": 2, "fields": {"user": 2, "nickname": "\u674e\u946b1"}}, {"model": "admin.logentry", "pk": 1, "fields": {"action_time": "2019-03-28T07:02:51.686", "user": 1, "content_type": 7, "object_id": "1", "object_repr": "\u968f\u60f3", "action_flag": 1, "change_message": "[{\"added\": {}}]"}}, {"model": "admin.logentry", "pk": 2, "fields": {"action_time": "2019-03-28T07:02:57.311", "user": 1, "content_type": 7, "object_id": "2", "object_repr": "python", "action_flag": 1, "change_message": "[{\"added\": {}}]"}}, {"model": "admin.logentry", "pk": 3, "fields": {"action_time": "2019-03-28T07:03:01.594", "user": 1, "content_type": 7, "object_id": "3", "object_repr": "\u65e5\u8bb0", "action_flag": 1, "change_message": "[{\"added\": {}}]"}}, {"model": "admin.logentry", "pk": 4, "fields": {"action_time": "2019-03-28T07:04:19.736", "user": 1, "content_type": 8, "object_id": "1", "object_repr": "\u7b2c\u4e00\u7bc7blog", "action_flag": 1, "change_message": "[{\"added\": {}}]"}}, {"model": "admin.logentry", "pk": 5, "fields": {"action_time": "2019-03-28T07:04:42.876", "user": 1, "content_type": 8, "object_id": "2", "object_repr": "\u7b2c\u4e8c\u7bc7blog", "action_flag": 1, "change_message": "[{\"added\": {}}]"}}, {"model": "admin.logentry", "pk": 6, "fields": {"action_time": "2019-03-28T07:05:05.548", "user": 1, "content_type": 8, "object_id": "3", "object_repr": "\u7b2c3\u7bc7blog", "action_flag": 1, "change_message": "[{\"added\": {}}]"}}, {"model": "admin.logentry", "pk": 7, "fields": {"action_time": "2019-03-28T07:06:24.547", "user": 1, "content_type": 8, "object_id": "4", "object_repr": "\u56db\u7bc7", "action_flag": 1, "change_message": "[{\"added\": {}}]"}}, {"model": "admin.logentry", "pk": 8, "fields": {"action_time": "2019-03-28T07:06:42.937", "user": 1, "content_type": 8, "object_id": "5", "object_repr": "\u4e94\u7bc7blog", "action_flag": 1, "change_message": "[{\"added\": {}}]"}}, {"model": "admin.logentry", "pk": 9, "fields": {"action_time": "2019-03-28T09:20:51.607", "user": 1, "content_type": 8, "object_id": "6", "object_repr": "123", "action_flag": 1, "change_message": "[{\"added\": {}}]"}}, {"model": "admin.logentry", "pk": 10, "fields": {"action_time": "2019-03-28T09:21:57.433", "user": 1, "content_type": 8, "object_id": "6", "object_repr": "123", "action_flag": 2, "change_message": "[]"}}, {"model": "admin.logentry", "pk": 11, "fields": {"action_time": "2019-03-28T09:27:09.059", "user": 1, "content_type": 8, "object_id": "6", "object_repr": "123", "action_flag": 2, "change_message": "[{\"changed\": {\"fields\": [\"content\"]}}]"}}, {"model": "admin.logentry", "pk": 12, "fields": {"action_time": "2019-03-28T09:36:06.113", "user": 1, "content_type": 8, "object_id": "6", "object_repr": "123", "action_flag": 2, "change_message": "[{\"changed\": {\"fields\": [\"content\"]}}]"}}, {"model": "admin.logentry", "pk": 13, "fields": {"action_time": "2019-03-28T09:36:21.453", "user": 1, "content_type": 8, "object_id": "6", "object_repr": "123", "action_flag": 2, "change_message": "[]"}}, {"model": "admin.logentry", "pk": 14, "fields": {"action_time": "2019-03-28T11:52:03.610", "user": 1, "content_type": 8, "object_id": "6", "object_repr": "123", "action_flag": 2, "change_message": "[]"}}, {"model": "admin.logentry", "pk": 15, "fields": {"action_time": "2019-03-29T02:52:18.915", "user": 1, "content_type": 9, "object_id": "1", "object_repr": "ReadNum object (1)", "action_flag": 1, "change_message": "[{\"added\": {}}]"}}, {"model": "admin.logentry", "pk": 16, "fields": {"action_time": "2019-03-31T07:02:32.072", "user": 1, "content_type": 8, "object_id": "7", "object_repr": "3\u670831\u53f7\u535a\u5ba2", "action_flag": 1, "change_message": "[{\"added\": {}}]"}}, {"model": "admin.logentry", "pk": 17, "fields": {"action_time": "2019-03-31T07:04:00.053", "user": 1, "content_type": 11, "object_id": "1", "object_repr": "Readtatil object (1)", "action_flag": 1, "change_message": "[{\"added\": {}}]"}}, {"model": "admin.logentry", "pk": 18, "fields": {"action_time": "2019-03-31T07:04:19.759", "user": 1, "content_type": 11, "object_id": "2", "object_repr": "Readtatil object (2)", "action_flag": 1, "change_message": "[{\"added\": {}}]"}}, {"model": "admin.logentry", "pk": 19, "fields": {"action_time": "2019-03-31T12:37:01.791", "user": 1, "content_type": 11, "object_id": "3", "object_repr": "Readtatil object (3)", "action_flag": 1, "change_message": "[{\"added\": {}}]"}}, {"model": "admin.logentry", "pk": 20, "fields": {"action_time": "2019-04-01T04:00:36.881", "user": 1, "content_type": 11, "object_id": "4", "object_repr": "Readtatil object (4)", "action_flag": 1, "change_message": "[{\"added\": {}}]"}}, {"model": "admin.logentry", "pk": 21, "fields": {"action_time": "2019-04-01T07:39:02.845", "user": 1, "content_type": 11, "object_id": "5", "object_repr": "Readtatil object (5)", "action_flag": 1, "change_message": "[{\"added\": {}}]"}}, {"model": "admin.logentry", "pk": 22, "fields": {"action_time": "2019-04-01T08:15:37.151", "user": 1, "content_type": 11, "object_id": "6", "object_repr": "Readtatil object (6)", "action_flag": 1, "change_message": "[{\"added\": {}}]"}}, {"model": "admin.logentry", "pk": 23, "fields": {"action_time": "2019-04-01T12:30:22.855", "user": 1, "content_type": 8, "object_id": "8", "object_repr": "4\u67081\u53f7\u7684\u535a\u5ba2", "action_flag": 1, "change_message": "[{\"added\": {}}]"}}, {"model": "admin.logentry", "pk": 24, "fields": {"action_time": "2019-04-01T12:30:44.986", "user": 1, "content_type": 11, "object_id": "7", "object_repr": "Readtatil object (7)", "action_flag": 1, "change_message": "[{\"added\": {}}]"}}, {"model": "admin.logentry", "pk": 25, "fields": {"action_time": "2019-04-09T14:11:06.651", "user": 1, "content_type": 12, "object_id": "51", "object_repr": "\u4f60\u4e5f\u5199\u7684\u5f88\u597d\u554a", "action_flag": 1, "change_message": "[{\"added\": {}}]"}}, {"model": "admin.logentry", "pk": 26, "fields": {"action_time": "2019-04-09T14:20:37.744", "user": 1, "content_type": 12, "object_id": "3", "object_repr": "\u4f60\u597d", "action_flag": 3, "change_message": ""}}, {"model": "admin.logentry", "pk": 27, "fields": {"action_time": "2019-04-09T14:20:37.759", "user": 1, "content_type": 12, "object_id": "4", "object_repr": "\u4f60\u597d", "action_flag": 3, "change_message": ""}}, {"model": "admin.logentry", "pk": 28, "fields": {"action_time": "2019-04-09T14:20:37.772", "user": 1, "content_type": 12, "object_id": "5", "object_repr": "\u4f60\u597d", "action_flag": 3, "change_message": ""}}, {"model": "admin.logentry", "pk": 29, "fields": {"action_time": "2019-04-09T14:20:37.786", "user": 1, "content_type": 12, "object_id": "6", "object_repr": "\u4f60\u597d\u554a", "action_flag": 3, "change_message": ""}}, {"model": "admin.logentry", "pk": 30, "fields": {"action_time": "2019-04-09T14:20:37.801", "user": 1, "content_type": 12, "object_id": "7", "object_repr": "123", "action_flag": 3, "change_message": ""}}, {"model": "admin.logentry", "pk": 31, "fields": {"action_time": "2019-04-09T14:20:37.815", "user": 1, "content_type": 12, "object_id": "8", "object_repr": "123123456", "action_flag": 3, "change_message": ""}}, {"model": "admin.logentry", "pk": 32, "fields": {"action_time": "2019-04-09T14:20:37.828", "user": 1, "content_type": 12, "object_id": "9", "object_repr": "nihao", "action_flag": 3, "change_message": ""}}, {"model": "admin.logentry", "pk": 33, "fields": {"action_time": "2019-04-09T14:20:37.840", "user": 1, "content_type": 12, "object_id": "10", "object_repr": "7777", "action_flag": 3, "change_message": ""}}, {"model": "admin.logentry", "pk": 34, "fields": {"action_time": "2019-04-09T14:20:37.852", "user": 1, "content_type": 12, "object_id": "11", "object_repr": "<p>123</p>", "action_flag": 3, "change_message": ""}}, {"model": "admin.logentry", "pk": 35, "fields": {"action_time": "2019-04-09T14:20:37.865", "user": 1, "content_type": 12, "object_id": "12", "object_repr": "<p>7555</p>", "action_flag": 3, "change_message": ""}}, {"model": "admin.logentry", "pk": 36, "fields": {"action_time": "2019-04-09T14:20:37.878", "user": 1, "content_type": 12, "object_id": "13", "object_repr": "<p>789</p>", "action_flag": 3, "change_message": ""}}, {"model": "admin.logentry", "pk": 37, "fields": {"action_time": "2019-04-09T14:20:37.893", "user": 1, "content_type": 12, "object_id": "14", "object_repr": "<p>1111</p>", "action_flag": 3, "change_message": ""}}, {"model": "admin.logentry", "pk": 38, "fields": {"action_time": "2019-04-09T14:20:37.908", "user": 1, "content_type": 12, "object_id": "15", "object_repr": "<p>1111</p>", "action_flag": 3, "change_message": ""}}, {"model": "admin.logentry", "pk": 39, "fields": {"action_time": "2019-04-09T14:20:37.923", "user": 1, "content_type": 12, "object_id": "16", "object_repr": "<p>1111</p>", "action_flag": 3, "change_message": ""}}, {"model": "admin.logentry", "pk": 40, "fields": {"action_time": "2019-04-09T14:20:37.938", "user": 1, "content_type": 12, "object_id": "17", "object_repr": "<p>wwwww</p>", "action_flag": 3, "change_message": ""}}, {"model": "admin.logentry", "pk": 41, "fields": {"action_time": "2019-04-09T14:20:37.953", "user": 1, "content_type": 12, "object_id": "18", "object_repr": "<p><strong>sss<img alt=\"indecision\" height=\"23\" src=\"http://127.0.0.1:8000/static/ckeditor/ckeditor/plugins/smiley/images/whatchutalkingabout_smile.png\" title=\"indecision\" width=\"23\" /></strong></p>", "action_flag": 3, "change_message": ""}}, {"model": "admin.logentry", "pk": 42, "fields": {"action_time": "2019-04-09T14:20:37.968", "user": 1, "content_type": 12, "object_id": "19", "object_repr": "<p>wwwww</p>", "action_flag": 3, "change_message": ""}}, {"model": "admin.logentry", "pk": 43, "fields": {"action_time": "2019-04-09T14:20:37.982", "user": 1, "content_type": 12, "object_id": "20", "object_repr": "<p>7</p>", "action_flag": 3, "change_message": ""}}, {"model": "admin.logentry", "pk": 44, "fields": {"action_time": "2019-04-09T14:20:37.997", "user": 1, "content_type": 12, "object_id": "21", "object_repr": "<p>2</p>", "action_flag": 3, "change_message": ""}}, {"model": "admin.logentry", "pk": 45, "fields": {"action_time": "2019-04-09T14:20:38.012", "user": 1, "content_type": 12, "object_id": "22", "object_repr": "<p>11211</p>", "action_flag": 3, "change_message": ""}}, {"model": "admin.logentry", "pk": 46, "fields": {"action_time": "2019-04-09T14:20:38.028", "user": 1, "content_type": 12, "object_id": "23", "object_repr": "<p>11111111</p>", "action_flag": 3, "change_message": ""}}, {"model": "admin.logentry", "pk": 47, "fields": {"action_time": "2019-04-09T14:20:38.042", "user": 1, "content_type": 12, "object_id": "24", "object_repr": "<p>qqqqq</p>", "action_flag": 3, "change_message": ""}}, {"model": "admin.logentry", "pk": 48, "fields": {"action_time": "2019-04-09T14:20:38.057", "user": 1, "content_type": 12, "object_id": "25", "object_repr": "<p>xxxxxx</p>", "action_flag": 3, "change_message": ""}}, {"model": "admin.logentry", "pk": 49, "fields": {"action_time": "2019-04-09T14:20:38.073", "user": 1, "content_type": 12, "object_id": "26", "object_repr": "<p>yyyyy</p>", "action_flag": 3, "change_message": ""}}, {"model": "admin.logentry", "pk": 50, "fields": {"action_time": "2019-04-09T14:20:38.089", "user": 1, "content_type": 12, "object_id": "27", "object_repr": "<p>qqqqqwww</p>", "action_flag": 3, "change_message": ""}}, {"model": "admin.logentry", "pk": 51, "fields": {"action_time": "2019-04-09T14:20:38.104", "user": 1, "content_type": 12, "object_id": "37", "object_repr": "<p>1</p>", "action_flag": 3, "change_message": ""}}, {"model": "admin.logentry", "pk": 52, "fields": {"action_time": "2019-04-09T14:20:38.120", "user": 1, "content_type": 12, "object_id": "38", "object_repr": "<p>1</p>", "action_flag": 3, "change_message": ""}}, {"model": "admin.logentry", "pk": 53, "fields": {"action_time": "2019-04-09T14:20:38.138", "user": 1, "content_type": 12, "object_id": "39", "object_repr": "<p>1</p>", "action_flag": 3, "change_message": ""}}, {"model": "admin.logentry", "pk": 54, "fields": {"action_time": "2019-04-09T14:20:38.153", "user": 1, "content_type": 12, "object_id": "40", "object_repr": "<p>888</p>", "action_flag": 3, "change_message": ""}}, {"model": "admin.logentry", "pk": 55, "fields": {"action_time": "2019-04-09T14:20:38.168", "user": 1, "content_type": 12, "object_id": "41", "object_repr": "<p>888</p>", "action_flag": 3, "change_message": ""}}, {"model": "admin.logentry", "pk": 56, "fields": {"action_time": "2019-04-09T14:20:38.183", "user": 1, "content_type": 12, "object_id": "42", "object_repr": "<p>\u4eca\u5929</p>", "action_flag": 3, "change_message": ""}}, {"model": "admin.logentry", "pk": 57, "fields": {"action_time": "2019-04-09T14:20:38.199", "user": 1, "content_type": 12, "object_id": "28", "object_repr": "<p>777</p>", "action_flag": 3, "change_message": ""}}, {"model": "admin.logentry", "pk": 58, "fields": {"action_time": "2019-04-09T14:20:38.214", "user": 1, "content_type": 12, "object_id": "29", "object_repr": "<p>777</p>", "action_flag": 3, "change_message": ""}}, {"model": "admin.logentry", "pk": 59, "fields": {"action_time": "2019-04-09T14:20:38.229", "user": 1, "content_type": 12, "object_id": "30", "object_repr": "<p>7777</p>", "action_flag": 3, "change_message": ""}}, {"model": "admin.logentry", "pk": 60, "fields": {"action_time": "2019-04-09T14:20:38.245", "user": 1, "content_type": 12, "object_id": "31", "object_repr": "<p>7777</p>", "action_flag": 3, "change_message": ""}}, {"model": "admin.logentry", "pk": 61, "fields": {"action_time": "2019-04-09T14:20:38.259", "user": 1, "content_type": 12, "object_id": "32", "object_repr": "<p>8888</p>", "action_flag": 3, "change_message": ""}}, {"model": "admin.logentry", "pk": 62, "fields": {"action_time": "2019-04-09T14:20:38.275", "user": 1, "content_type": 12, "object_id": "33", "object_repr": "<p>1111</p>", "action_flag": 3, "change_message": ""}}, {"model": "admin.logentry", "pk": 63, "fields": {"action_time": "2019-04-09T14:20:38.292", "user": 1, "content_type": 12, "object_id": "34", "object_repr": "<p>22222</p>", "action_flag": 3, "change_message": ""}}, {"model": "admin.logentry", "pk": 64, "fields": {"action_time": "2019-04-09T14:20:38.306", "user": 1, "content_type": 12, "object_id": "35", "object_repr": "<p>qqqqq</p>", "action_flag": 3, "change_message": ""}}, {"model": "admin.logentry", "pk": 65, "fields": {"action_time": "2019-04-09T14:20:38.321", "user": 1, "content_type": 12, "object_id": "36", "object_repr": "<p>eeee</p>", "action_flag": 3, "change_message": ""}}, {"model": "admin.logentry", "pk": 66, "fields": {"action_time": "2019-04-09T14:20:38.335", "user": 1, "content_type": 12, "object_id": "43", "object_repr": "<p>\u6628\u5929</p>", "action_flag": 3, "change_message": ""}}, {"model": "admin.logentry", "pk": 67, "fields": {"action_time": "2019-04-09T14:20:38.352", "user": 1, "content_type": 12, "object_id": "44", "object_repr": "<p>789</p>", "action_flag": 3, "change_message": ""}}, {"model": "admin.logentry", "pk": 68, "fields": {"action_time": "2019-04-09T14:20:38.368", "user": 1, "content_type": 12, "object_id": "45", "object_repr": "<p>222</p>", "action_flag": 3, "change_message": ""}}, {"model": "admin.logentry", "pk": 69, "fields": {"action_time": "2019-04-09T14:20:38.384", "user": 1, "content_type": 12, "object_id": "46", "object_repr": "<p>1111</p>", "action_flag": 3, "change_message": ""}}, {"model": "admin.logentry", "pk": 70, "fields": {"action_time": "2019-04-09T14:20:38.399", "user": 1, "content_type": 12, "object_id": "47", "object_repr": "<p>111</p>", "action_flag": 3, "change_message": ""}}, {"model": "admin.logentry", "pk": 71, "fields": {"action_time": "2019-04-09T16:49:06.493", "user": 1, "content_type": 12, "object_id": "58", "object_repr": "", "action_flag": 3, "change_message": ""}}, {"model": "admin.logentry", "pk": 72, "fields": {"action_time": "2019-04-09T16:49:06.507", "user": 1, "content_type": 12, "object_id": "59", "object_repr": "", "action_flag": 3, "change_message": ""}}, {"model": "admin.logentry", "pk": 73, "fields": {"action_time": "2019-04-09T16:49:06.519", "user": 1, "content_type": 12, "object_id": "60", "object_repr": "<p>14</p>", "action_flag": 3, "change_message": ""}}, {"model": "admin.logentry", "pk": 74, "fields": {"action_time": "2019-04-16T14:19:26.600", "user": 1, "content_type": 17, "object_id": "1", "object_repr": "<Profile>: \u674e\u946b for lixin", "action_flag": 1, "change_message": "[{\"added\": {}}]"}}, {"model": "admin.logentry", "pk": 75, "fields": {"action_time": "2019-04-17T21:12:37.918", "user": 1, "content_type": 4, "object_id": "1", "object_repr": "lixin", "action_flag": 2, "change_message": "[{\"changed\": {\"fields\": [\"email\"]}}]"}}, {"model": "admin.logentry", "pk": 76, "fields": {"action_time": "2019-04-17T21:22:55.155", "user": 1, "content_type": 4, "object_id": "1", "object_repr": "lixin", "action_flag": 2, "change_message": "[{\"changed\": {\"fields\": [\"email\"]}}]"}}, {"model": "admin.logentry", "pk": 77, "fields": {"action_time": "2019-04-17T21:49:10.771", "user": 1, "content_type": 4, "object_id": "2", "object_repr": "lixin1", "action_flag": 2, "change_message": "[{\"changed\": {\"fields\": [\"email\"]}}]"}}, {"model": "admin.logentry", "pk": 78, "fields": {"action_time": "2019-04-17T21:49:17.662", "user": 1, "content_type": 4, "object_id": "1", "object_repr": "lixin", "action_flag": 2, "change_message": "[{\"changed\": {\"fields\": [\"email\"]}}]"}}, {"model": "admin.logentry", "pk": 79, "fields": {"action_time": "2019-04-18T15:48:01.307", "user": 1, "content_type": 4, "object_id": "2", "object_repr": "lixin1", "action_flag": 2, "change_message": "[{\"changed\": {\"fields\": [\"is_staff\", \"is_superuser\"]}}]"}}, {"model": "admin.logentry", "pk": 80, "fields": {"action_time": "2019-04-18T15:55:21.179", "user": 2, "content_type": 8, "object_id": "9", "object_repr": "<Blog: \u6211\u662flx1>", "action_flag": 1, "change_message": "[{\"added\": {}}]"}}, {"model": "admin.logentry", "pk": 81, "fields": {"action_time": "2019-04-18T17:08:13.610", "user": 2, "content_type": 4, "object_id": "3", "object_repr": "lixin2", "action_flag": 2, "change_message": "[{\"changed\": {\"fields\": [\"email\"]}}]"}}, {"model": "admin.logentry", "pk": 82, "fields": {"action_time": "2019-04-18T17:09:18.917", "user": 2, "content_type": 4, "object_id": "3", "object_repr": "lixin2", "action_flag": 3, "change_message": ""}}, {"model": "admin.logentry", "pk": 83, "fields": {"action_time": "2019-04-20T14:15:24.084", "user": 1, "content_type": 4, "object_id": "4", "object_repr": "lixin2", "action_flag": 3, "change_message": ""}}, {"model": "admin.logentry", "pk": 84, "fields": {"action_time": "2019-04-20T14:15:33.809", "user": 1, "content_type": 4, "object_id": "2", "object_repr": "lixin1", "action_flag": 2, "change_message": "[{\"changed\": {\"fields\": [\"email\"]}}]"}}]